<lxs>
    <scene root="demoRoot" axis_length="5"/>

    <views default="defaultCamera">
        <perspective id="defaultCamera" near="0.1" far="500" angle="45">
            <from x="30" y="15" z="30" />
            <to x="0" y="-2" z="0" />
        </perspective>

        <perspective id="camera2" near="0.1" far="500" angle="45">
            <from x="10" y="5" z="15" />
            <to x="0" y="-2" z="0" />
        </perspective>

         <ortho id="orthoCamera"  near="0.1" far="500" left="-10" right="10" top="10" bottom="-10" >
            <from x="30" y="15" z="20" />
            <to x="0" y="-2" z="0" />
            <up x="-15" y="1" z="0" /> <!-- opcional, default 0,1,0 -->
        </ortho>

        <ortho id="orthoCamera2"  near="0.1" far="500" left="-10" right="10" top="10" bottom="-10" >
            <from x="30" y="15" z="20" />
            <to x="0" y="-2" z="0" />
        </ortho>
    </views>

    <!-- colocar global em vez de ambiente-->
    <globals>
        <ambient r="0.2" g="0.2" b="0.2" a="1.0" />
        <background r="0.0" g="0.0" b="0.0" a="1.0" />
    </globals>

    <lights>
        <omni id="demoLight" enabled="1">
            <location x="9.8" y="11.9" z="10" w="1.0" />
            <ambient r="0" g="0" b="0" a="1.0" />
            <diffuse r="1.0" g="1.0" b="1.0" a="1.0" />
            <specular r="1.0" g="1.0" b="1.0" a="1.0" />
        </omni>
    </lights>

    <textures>
        <texture id="demoTexture" file="scenes/images/rocks.jpg" />
    </textures>

    <materials>
        <material id="demoMaterial" shininess="10">
            <emission r="0.0" g="0.0" b="0.0" a="1.0" />
            <ambient r="1.0" g="0.0" b="0.0" a="1.0" />
            <diffuse r="0.6" g="0.0" b="0.0" a="1.0" />
            <specular r="0.6" g="0.0" b="0.0" a="1.0" />
        </material>
    </materials>

    <transformations>
        <transformation id="demoTransform">
            <scale x="5" y="1" z="5" />
            <rotate axis="x" angle="-45" />
            <rotate axis="z" angle="-45" />
        </transformation>
    </transformations>

    <primitives>
        <primitive id="demoRectangle">
            <rectangle x1="-0.5" y1="-1" x2="0.5" y2="1" />
        </primitive>

        <primitive id="demoTriangle">
            <triangle x1="0" y1="0" z1="0" x2="1" y2="0" z2="0" x3="0" y3="1" z3="0" />
        </primitive>

        <primitive id="demoCylinder">
            <cylinder base="2" top="0" height="2" slices="20" stacks="20" />
        </primitive>

        <primitive id="demoSphere">
            <sphere radius="2" slices="10" stacks="10" />
        </primitive>

        <primitive id="demoTorus">
            <torus inner="1" outer="3" slices="20" loops="20" />
        </primitive>


    </primitives>

    <components>

        <component id="demoRoot">
            <transformation>
                <!-- <transformationref id="demoTransform"/>
                <translate x="0" y="0" z="1" />
                <scale x="2" y="1" z="1" /> -->
            </transformation>
            <materials>
                <material id="demoMaterial" />
            </materials>
            <texture id="demoTexture" length_t="5"/>
            <children>
                <primitiveref id="demoTorus" />
                <!-- <componentref id="demoRootV2" /> -->
            </children>
        </component>

        <component id="demoRootV2">
            <transformation>

            </transformation>
            <materials>
                <material id="inherit" />
            </materials>
            <texture id="inherit"/>
            <children>
                <primitiveref id="demoRectangle" />
                <componentref id="demoV3" />
            </children>
        </component>

        <component id="demoV3">
            <transformation>
                <!--<translate x="3" y="0" z="0"/>-->
            </transformation>
            <materials>
                <material id="inherit" />
            </materials>
            <texture id="inherit"/>
            <children>
                <primitiveref id="demoSphere" />
            </children>
        </component>

    </components>
</lxs>